run_id,run_name,dataset,architecture,train_strategy,test_strategy,eer_mean,eer_std
5ecaecvs,CNN-timit-OS/final,timit,CNN,OS,OS,5.22147767957612,0.0826233806797666
5ecaecvs,CNN-timit-OS/final,timit,CNN,OS,SS,11.221981744391,0.870682757195363
5ecaecvs,CNN-timit-OS/final,timit,CNN,OS,SU,11.3576256497976,0.650520272173958
b7mqjubc,CNN-timit-SS/final,timit,CNN,SS,OS,7.82846529163325,0.35881889494176
b7mqjubc,CNN-timit-SS/final,timit,CNN,SS,SS,5.29366950882127,0.167192348225293
b7mqjubc,CNN-timit-SS/final,timit,CNN,SS,SU,5.19239770101615,0.182284358102013
p0o3v8w8,Conformer-timit-OS/final,timit,Conformer,OS,OS,2.38191236570148,0.0713189838749973
p0o3v8w8,Conformer-timit-OS/final,timit,Conformer,OS,SS,6.95557139686589,0.620566899290302
p0o3v8w8,Conformer-timit-OS/final,timit,Conformer,OS,SU,8.05556215156848,0.688552912349955
wpoh7dv7,Conformer-timit-SS/final,timit,Conformer,SS,OS,3.21752685108168,0.14839266531724
wpoh7dv7,Conformer-timit-SS/final,timit,Conformer,SS,SS,2.82490891231025,0.219626732740958
wpoh7dv7,Conformer-timit-SS/final,timit,Conformer,SS,SU,2.8390583911371,0.198184143458422
o4iag4ir,RNN-timit-OS/final,timit,RNN,OS,OS,3.46833475909175,0.108452350064295
o4iag4ir,RNN-timit-OS/final,timit,RNN,OS,SS,3.91979216174722,0.12505959670781
o4iag4ir,RNN-timit-OS/final,timit,RNN,OS,SU,4.22744194142463,0.195912133395874
qe0xcwyz,RNN-timit-SS/final,timit,RNN,SS,OS,4.10935430724174,0.181616821890754
qe0xcwyz,RNN-timit-SS/final,timit,RNN,SS,SS,3.64647371919208,0.109435740956663
qe0xcwyz,RNN-timit-SS/final,timit,RNN,SS,SU,3.84584957069751,0.120159328088204
vaxeb6k7,ResNet-timit-OS/final,timit,ResNet,OS,OS,4.88673129932312,0.255236915851786
vaxeb6k7,ResNet-timit-OS/final,timit,ResNet,OS,SS,8.7140480942862,0.795968254952035
vaxeb6k7,ResNet-timit-OS/final,timit,ResNet,OS,SU,9.50095048002522,1.0788169446531
xioo9bac,ResNet-timit-SS/final,timit,ResNet,SS,OS,5.79229002317022,0.248513041634302
xioo9bac,ResNet-timit-SS/final,timit,ResNet,SS,SS,5.66889237397535,0.206053474401408
xioo9bac,ResNet-timit-SS/final,timit,ResNet,SS,SU,6.2164448880002,0.231313603587638
gq1vl70a,CNN-voxceleb-OS/final,voxceleb,CNN,OS,OS,24.9221550145259,0.213875292604434
gq1vl70a,CNN-voxceleb-OS/final,voxceleb,CNN,OS,SS,36.5904886774893,0.547177667991915
gq1vl70a,CNN-voxceleb-OS/final,voxceleb,CNN,OS,SU,36.935698670268,0.544174664488863
xww2xqi6,CNN-voxceleb-SS/final,voxceleb,CNN,SS,OS,33.2419763146532,0.356938012941074
xww2xqi6,CNN-voxceleb-SS/final,voxceleb,CNN,SS,SS,27.4889273559237,0.275992674351407
xww2xqi6,CNN-voxceleb-SS/final,voxceleb,CNN,SS,SU,26.8602786449525,0.314344567876045
xrciye2z,RNN-voxceleb-OS/final,voxceleb,RNN,OS,OS,20.1974773393787,0.2265380182336
xrciye2z,RNN-voxceleb-OS/final,voxceleb,RNN,OS,SS,30.3255045471051,0.35902798022268
xrciye2z,RNN-voxceleb-OS/final,voxceleb,RNN,OS,SU,31.0446988246052,0.42566291080455
autd79jv,RNN-voxceleb-SS/final,voxceleb,RNN,SS,OS,29.7292784946601,1.44276686876215
autd79jv,RNN-voxceleb-SS/final,voxceleb,RNN,SS,SS,27.6729260586406,1.02774320995445
autd79jv,RNN-voxceleb-SS/final,voxceleb,RNN,SS,SU,27.0919231306686,0.774372813848614
xxdqjv17,Conformer-voxceleb-OS/final,voxceleb,Conformer,OS,OS,11.4737230240077,0.167242482119166
xxdqjv17,Conformer-voxceleb-OS/final,voxceleb,Conformer,OS,SS,37.5468596540538,0.604902101616589
xxdqjv17,Conformer-voxceleb-OS/final,voxceleb,Conformer,OS,SU,38.4464398198033,0.60963349284489
to8oq8ng,Conformer-voxceleb-SS/final,voxceleb,Conformer,SS,OS,20.2148810525674,0.421961798872253
to8oq8ng,Conformer-voxceleb-SS/final,voxceleb,Conformer,SS,SS,18.2857355815233,0.4328304534680882
to8oq8ng,Conformer-voxceleb-SS/final,voxceleb,Conformer,SS,SU,18.1025206310923,0.434956072156919
